"Region,Subregion,Country,Month,By_Air,By_Sea,Total_Arrivals,Previous_Year_Arrivals,Growth_Percent"
"AMERICAS,North America,Canada,January,4297,161,4458,4126,8.0"
"AMERICAS,North America,Mexico,January,71,11,82,96,-14.6"
"AMERICAS,North America,United States,January,6423,644,7067,5712,23.7"
"AMERICAS,Caribbean & Central America,Costa Rica,January,8,1,9,20,-55.0"
"AMERICAS,Caribbean & Central America,Jamaica,January,3,0,3,4,-25.0"
"AMERICAS,Caribbean & Central America,Others,January,57,0,57,61,-6.6"
"AMERICAS,South America,Argentina,January,164,0,164,141,16.3"
"AMERICAS,South America,Brazil,January,229,5,234,236,-0.8"
"AMERICAS,South America,Chile,January,45,0,45,56,-19.6"
"AMERICAS,South America,Colombia,January,45,0,45,54,-16.7"
"AMERICAS,South America,Others,January,62,0,62,60,3.3"
"AFRICA,North Africa,Morocco,January,82,0,82,62,32.3"
"AFRICA,North Africa,Sudan,January,72,0,72,57,26.3"
"AFRICA,North Africa,Others,January,69,0,69,74,-6.8"
"AFRICA,Sub-Saharan Africa,Kenya,January,42,0,42,42,0.0"
"AFRICA,Sub-Saharan Africa,Mauritius,January,49,0,49,48,2.1"
"AFRICA,Sub-Saharan Africa,Nigeria,January,14,0,14,1,0.0"
"AFRICA,Sub-Saharan Africa,South Africa,January,358,7,365,332,9.9"
"AFRICA,Sub-Saharan Africa,Others,January,552,0,552,340,62.4"
"ASIA & PACIFIC,North East Asia,China,January,16700,9,16709,12528,33.4"
"ASIA & PACIFIC,North East Asia,Japan,January,2628,3,2631,1993,32.0"
"ASIA & PACIFIC,North East Asia,South Korea,January,2149,0,2149,1677,28.1"
"ASIA & PACIFIC,North East Asia,Others,January,28,0,28,15,86.7"
"ASIA & PACIFIC,South East Asia,Cambodia,January,26,0,26,42,-38.1"
"ASIA & PACIFIC,South East Asia,Indonesia,January,280,0,280,224,25.0"
"ASIA & PACIFIC,South East Asia,Malaysia,January,2124,1,2125,1096,93.9"
"ASIA & PACIFIC,South East Asia,Myanmar,January,97,0,97,106,-8.5"
"ASIA & PACIFIC,South East Asia,Philippines,January,422,2,424,262,61.8"
"ASIA & PACIFIC,South East Asia,Singapore,January,1037,11,1048,804,30.3"
"ASIA & PACIFIC,South East Asia,Thailand,January,624,1,625,505,23.8"
"ASIA & PACIFIC,South East Asia,Vietnam,January,257,0,257,166,54.8"
"ASIA & PACIFIC,South East Asia,Others,January,51,0,51,9,466.7"
"ASIA & PACIFIC,Oceania,Australia,January,9465,98,9563,6645,43.9"
"ASIA & PACIFIC,Oceania,New Zealand,January,992,5,997,732,36.2"
"ASIA & PACIFIC,Oceania,Others,January,41,0,41,22,86.4"
"ASIA & PACIFIC,South Asia,Afghanistan,January,6,0,6,26,-76.9"
"ASIA & PACIFIC,South Asia,Bangladesh,January,4626,0,4626,2329,98.6"
"ASIA & PACIFIC,South Asia,Bhutan,January,92,0,92,135,-31.9"
"ASIA & PACIFIC,South Asia,India,January,43375,0,43375,34399,26.1"
"ASIA & PACIFIC,South Asia,Iran,January,886,0,886,688,28.8"
"ASIA & PACIFIC,South Asia,Maldives,January,2999,0,2999,2919,2.7"
"ASIA & PACIFIC,South Asia,Nepal,January,689,0,689,625,10.2"
"ASIA & PACIFIC,South Asia,Pakistan,January,1430,0,1430,956,49.6"
"EUROPE,Northern Europe,Denmark,January,2820,2,2822,2542,11.0"
"EUROPE,Northern Europe,Finland,January,806,2,808,737,9.6"
"EUROPE,Northern Europe,Norway,January,1663,2,1665,1226,35.8"
"EUROPE,Northern Europe,Sweden,January,2233,2,2235,1921,16.3"
"EUROPE,Northern Europe,United Kingdom,January,21606,124,21730,16665,30.4"
"EUROPE,Northern Europe,Others,January,1036,8,1044,838,24.6"
"EUROPE,Western Europe,Austria,January,2478,14,2492,2385,4.5"
"EUROPE,Western Europe,Belgium,January,1727,12,1739,1313,32.4"
"EUROPE,Western Europe,France,January,12616,3,12619,9919,27.2"
"EUROPE,Western Europe,Germany,January,14972,78,15050,13593,10.7"
"EUROPE,Western Europe,Netherlands,January,6443,41,6484,4531,43.1"
"EUROPE,Western Europe,Switzerland,January,3300,22,3322,2951,12.6"
"EUROPE,Western Europe,Others,January,85,0,85,82,3.7"
"EUROPE,Central/Eastern Europe,Belarus,January,2050,0,2050,2342,-12.5"
"EUROPE,Central/Eastern Europe,Czech Republic,January,2754,0,2754,3484,-21.0"
"EUROPE,Central/Eastern Europe,Estonia,January,915,0,915,910,0.5"
"EUROPE,Central/Eastern Europe,Hungary,January,1385,3,1388,1544,-10.1"
"EUROPE,Central/Eastern Europe,Kazakhstan,January,3015,0,3015,3350,-10.0"
"EUROPE,Central/Eastern Europe,Lithuania,January,1639,0,1639,1015,61.5"
"EUROPE,Central/Eastern Europe,Poland,January,7582,3,7585,7800,-2.8"
"EUROPE,Central/Eastern Europe,Romania,January,888,0,888,853,4.1"
"EUROPE,Central/Eastern Europe,Russia,January,34094,2,34096,31159,9.4"
"EUROPE,Central/Eastern Europe,Slovakia,January,1117,0,1117,990,12.8"
"EUROPE,Central/Eastern Europe,Ukraine,January,1871,1,1872,1485,26.1"
"EUROPE,Central/Eastern Europe,Others,January,2524,4,2528,3099,-18.4"
"EUROPE,Southern/Mediterranean Europe,Greece,January,410,5,415,264,57.2"
"EUROPE,Southern/Mediterranean Europe,Italy,January,4776,2,4778,3485,37.1"
"EUROPE,Southern/Mediterranean Europe,Portugal,January,789,0,789,487,62.0"
"EUROPE,Southern/Mediterranean Europe,Spain,January,2691,5,2696,2004,34.5"
"EUROPE,Southern/Mediterranean Europe,Turkey,January,1152,0,1152,717,60.7"
"EUROPE,Southern/Mediterranean Europe,Israel,January,2730,0,2730,773,253.2"
"EUROPE,Southern/Mediterranean Europe,Others,January,1544,1,1545,1161,33.1"
"MIDDLE EAST,,Bahrain,January,159,0,159,122,30.3"
"MIDDLE EAST,,Egypt,January,357,0,357,396,-9.8"
"MIDDLE EAST,,Iraq,January,131,0,131,54,142.6"
"MIDDLE EAST,,Jordan,January,178,0,178,180,-1.1"
"MIDDLE EAST,,Kuwait,January,172,2,174,231,-24.7"
"MIDDLE EAST,,Lebanon,January,145,0,145,155,-6.5"
"MIDDLE EAST,,Oman,January,156,0,156,236,-33.9"
"MIDDLE EAST,,Qatar,January,33,0,33,41,-19.5"
"MIDDLE EAST,,Saudi Arabia,January,487,0,487,511,-4.7"
"MIDDLE EAST,,United Arab Emirates,January,191,0,191,219,-12.8"
"MIDDLE EAST,,Others,January,78,0,78,58,34.5"
"AMERICAS,North America,Canada,February,4100,450,4550,3912,16.3"
"AMERICAS,North America,Mexico,February,81,37,118,95,24.2"
"AMERICAS,North America,United States,February,5566,873,6439,5709,12.8"
"AMERICAS,Caribbean & Central America,Costa Rica,February,13,0,13,14,-7.1"
"AMERICAS,Caribbean & Central America,Jamaica,February,0,2,2,11,-54.5"
"AMERICAS,Caribbean & Central America,Others,February,62,7,69,72,-4.2"
"AMERICAS,South America,Argentina,February,74,5,79,79,0.0"
"AMERICAS,South America,Brazil,February,159,18,177,212,-16.5"
"AMERICAS,South America,Chile,February,62,15,77,61,26.2"
"AMERICAS,South America,Colombia,February,43,1,44,70,-37.1"
"AMERICAS,South America,Others,February,87,3,90,69,30.4"
"AFRICA,North Africa,Morocco,February,102,0,102,103,-1.0"
"AFRICA,North Africa,Sudan,February,53,0,53,42,26.2"
"AFRICA,North Africa,Others,February,167,0,167,174,-4.0"
"AFRICA,Sub-Saharan Africa,Kenya,February,55,0,55,64,-14.1"
"AFRICA,Sub-Saharan Africa,Mauritius,February,88,2,90,53,69.8"
"AFRICA,Sub-Saharan Africa,Nigeria,February,4,0,4,11,-63.6"
"AFRICA,Sub-Saharan Africa,South Africa,February,376,17,393,350,12.3"
"AFRICA,Sub-Saharan Africa,Others,February,341,4,345,294,17.3"
"ASIA & PACIFIC,North East Asia,China,February,11678,12,11690,16279,-28.2"
"ASIA & PACIFIC,North East Asia,Japan,February,3519,8,3527,2666,32.3"
"ASIA & PACIFIC,North East Asia,South Korea,February,1471,0,1471,830,77.2"
"ASIA & PACIFIC,North East Asia,Others,February,4,0,4,6,-33.3"
"ASIA & PACIFIC,South East Asia,Cambodia,February,131,1,132,41,222.0"
"ASIA & PACIFIC,South East Asia,Indonesia,February,511,4,515,320,60.9"
"ASIA & PACIFIC,South East Asia,Malaysia,February,1402,13,1415,2250,-37.1"
"ASIA & PACIFIC,South East Asia,Myanmar,February,82,0,82,101,-18.8"
"ASIA & PACIFIC,South East Asia,Philippines,February,375,6,381,440,-13.4"
"ASIA & PACIFIC,South East Asia,Singapore,February,1018,6,1024,862,18.8"
"ASIA & PACIFIC,South East Asia,Thailand,February,714,5,719,716,0.4"
"ASIA & PACIFIC,South East Asia,Vietnam,February,251,2,253,270,-6.3"
"ASIA & PACIFIC,South East Asia,Others,February,40,0,40,24,66.7"
"ASIA & PACIFIC,Oceania,Australia,February,8355,423,8778,6265,40.1"
"ASIA & PACIFIC,Oceania,New Zealand,February,664,77,741,567,30.7"
"ASIA & PACIFIC,Oceania,Others,February,30,0,30,13,130.8"
"ASIA & PACIFIC,South Asia,Afghanistan,February,15,0,15,21,-28.6"
"ASIA & PACIFIC,South Asia,Bangladesh,February,5262,0,5262,2389,120.3"
"ASIA & PACIFIC,South Asia,Bhutan,February,39,0,39,67,-41.8"
"ASIA & PACIFIC,South Asia,India,February,35481,247,35728,30027,19.0"
"ASIA & PACIFIC,South Asia,Iran,February,615,0,615,919,-33.1"
"ASIA & PACIFIC,South Asia,Maldives,February,2843,0,2843,3235,-12.1"
"ASIA & PACIFIC,South Asia,Nepal,February,374,0,374,508,-26.4"
"ASIA & PACIFIC,South Asia,Pakistan,February,1152,0,1152,1299,-11.3"
"EUROPE,Northern Europe,Denmark,February,2677,36,2713,2160,25.6"
"EUROPE,Northern Europe,Finland,February,767,23,790,666,18.6"
"EUROPE,Northern Europe,Norway,February,1376,24,1400,1329,5.3"
"EUROPE,Northern Europe,Sweden,February,1995,12,2007,1903,5.5"
"EUROPE,Northern Europe,United Kingdom,February,23077,2451,25528,20614,23.8"
"EUROPE,Northern Europe,Others,February,1026,79,1105,902,22.5"
"EUROPE,Western Europe,Austria,February,2636,4,2640,2372,11.3"
"EUROPE,Western Europe,Belgium,February,1982,12,1994,1577,26.4"
"EUROPE,Western Europe,France,February,15455,14,15469,12503,23.7"
"EUROPE,Western Europe,Germany,February,17128,105,17233,16259,6.0"
"EUROPE,Western Europe,Netherlands,February,5561,28,5589,4011,39.3"
"EUROPE,Western Europe,Switzerland,February,3252,14,3266,2888,13.1"
"EUROPE,Western Europe,Others,February,107,3,110,106,3.8"
"EUROPE,Central/Eastern Europe,Belarus,February,1451,4,1455,1884,-22.8"
"EUROPE,Central/Eastern Europe,Czech Republic,February,3366,4,3370,3852,-12.5"
"EUROPE,Central/Eastern Europe,Estonia,February,934,0,934,898,4.0"
"EUROPE,Central/Eastern Europe,Hungary,February,1083,6,1089,1311,-16.9"
"EUROPE,Central/Eastern Europe,Kazakhstan,February,2463,0,2463,2682,-8.2"
"EUROPE,Central/Eastern Europe,Lithuania,February,1353,1,1354,1601,-15.4"
"EUROPE,Central/Eastern Europe,Poland,February,8519,0,8519,6909,23.3"
"EUROPE,Central/Eastern Europe,Romania,February,872,22,894,940,-4.9"
"EUROPE,Central/Eastern Europe,Russia,February,30258,37,30295,32030,-5.4"
"EUROPE,Central/Eastern Europe,Slovakia,February,1207,2,1209,1179,2.5"
"EUROPE,Central/Eastern Europe,Ukraine,February,1376,11,1387,1193,16.3"
"EUROPE,Central/Eastern Europe,Others,February,2245,8,2253,2354,-4.3"
"EUROPE,Southern/Mediterranean Europe,Greece,February,386,9,395,264,49.6"
"EUROPE,Southern/Mediterranean Europe,Italy,February,4105,10,4115,3194,28.8"
"EUROPE,Southern/Mediterranean Europe,Portugal,February,669,30,699,654,6.9"
"EUROPE,Southern/Mediterranean Europe,Spain,February,2501,27,2528,2036,24.2"
"EUROPE,Southern/Mediterranean Europe,Turkey,February,728,0,728,663,9.8"
"EUROPE,Southern/Mediterranean Europe,Israel,February,2957,2,2959,1988,48.8"
"EUROPE,Southern/Mediterranean Europe,Others,February,1676,8,1684,1401,20.2"
"MIDDLE EAST,,Bahrain,February,159,0,159,122,30.3"
"MIDDLE EAST,,Egypt,February,357,0,357,396,-9.8"
"MIDDLE EAST,,Iraq,February,131,0,131,54,142.6"
"MIDDLE EAST,,Jordan,February,178,0,178,180,-1.1"
"MIDDLE EAST,,Kuwait,February,172,2,174,231,-24.7"
"MIDDLE EAST,,Lebanon,February,145,0,145,155,-6.5"
"MIDDLE EAST,,Oman,February,156,0,156,236,-33.9"
"MIDDLE EAST,,Qatar,February,33,0,33,41,-19.5"
"MIDDLE EAST,,Saudi Arabia,February,487,0,487,511,-4.7"
"MIDDLE EAST,,United Arab Emirates,February,191,0,191,219,-12.8"
"MIDDLE EAST,,Others,February,78,0,78,58,34.5"
"AMERICAS,North America,Canada,March,3892,327,4219,4034,4.6"
"AMERICAS,North America,Mexico,March,113,22,135,111,21.6"
"AMERICAS,North America,United States,March,5492,2184,7676,7617,0.8"
"AMERICAS,Caribbean & Central America,Costa Rica,March,15,0,15,11,36.4"
"AMERICAS,Caribbean & Central America,Jamaica,March,0,2,2,18,-88.9"
"AMERICAS,Caribbean & Central America,Others,March,84,0,84,94,-10.6"
"AMERICAS,South America,Argentina,March,101,0,101,120,-15.8"
"AMERICAS,South America,Brazil,March,206,7,213,159,34.0"
"AMERICAS,South America,Chile,March,84,2,86,77,11.7"
"AMERICAS,South America,Colombia,March,84,0,84,69,21.7"
"AMERICAS,South America,Others,March,102,0,102,71,43.7"
"AFRICA,North Africa,Morocco,March,65,0,65,35,85.7"
"AFRICA,North Africa,Sudan,March,23,0,23,14,64.3"
"AFRICA,North Africa,Others,March,89,0,89,37,140.5"
"AFRICA,Sub-Saharan Africa,Kenya,March,103,0,103,80,28.8"
"AFRICA,Sub-Saharan Africa,Mauritius,March,77,0,77,43,79.1"
"AFRICA,Sub-Saharan Africa,Nigeria,March,6,0,6,3,100.0"
"AFRICA,Sub-Saharan Africa,South Africa,March,657,12,669,548,22.1"
"AFRICA,Sub-Saharan Africa,Others,March,352,0,352,384,-8.3"
"ASIA & PACIFIC,North East Asia,China,March,11096,18,11114,13836,-19.7"
"ASIA & PACIFIC,North East Asia,Japan,March,3706,2,3708,2575,44.0"
"ASIA & PACIFIC,North East Asia,South Korea,March,959,4,963,861,11.8"
"ASIA & PACIFIC,North East Asia,Others,March,12,0,12,7,71.4"
"ASIA & PACIFIC,South East Asia,Cambodia,March,125,0,125,531,-76.5"
"ASIA & PACIFIC,South East Asia,Indonesia,March,313,0,313,257,21.8"
"ASIA & PACIFIC,South East Asia,Malaysia,March,2246,10,2256,1721,31.1"
"ASIA & PACIFIC,South East Asia,Myanmar,March,93,1,94,110,-14.5"
"ASIA & PACIFIC,South East Asia,Philippines,March,581,4,585,395,48.1"
"ASIA & PACIFIC,South East Asia,Singapore,March,1182,7,1189,1166,2.0"
"ASIA & PACIFIC,South East Asia,Thailand,March,902,1,903,928,-2.7"
"ASIA & PACIFIC,South East Asia,Vietnam,March,314,0,314,304,3.3"
"ASIA & PACIFIC,South East Asia,Others,March,20,0,20,23,-13.0"
"ASIA & PACIFIC,Oceania,Australia,March,8650,362,9012,8852,1.8"
"ASIA & PACIFIC,Oceania,New Zealand,March,942,23,965,1032,-6.5"
"ASIA & PACIFIC,Oceania,Others,March,33,0,33,49,-32.7"
"ASIA & PACIFIC,South Asia,Afghanistan,March,2,0,2,18,-88.9"
"ASIA & PACIFIC,South Asia,Bangladesh,March,4713,0,4713,1308,260.3"
"ASIA & PACIFIC,South Asia,Bhutan,March,22,0,22,68,-67.6"
"ASIA & PACIFIC,South Asia,India,March,38459,753,39212,31853,23.1"
"ASIA & PACIFIC,South Asia,Iran,March,3695,0,3695,3589,3.0"
"ASIA & PACIFIC,South Asia,Maldives,March,1932,0,1932,1562,23.7"
"ASIA & PACIFIC,South Asia,Nepal,March,307,0,307,309,-0.6"
"ASIA & PACIFIC,South Asia,Pakistan,March,736,0,736,941,-21.8"
"EUROPE,Northern Europe,Denmark,March,1293,6,1299,1497,-13.2"
"EUROPE,Northern Europe,Finland,March,449,3,452,464,-2.6"
"EUROPE,Northern Europe,Norway,March,958,2,960,1033,-7.1"
"EUROPE,Northern Europe,Sweden,March,1239,4,1243,1331,-6.6"
"EUROPE,Northern Europe,United Kingdom,March,22306,141,22447,21540,4.2"
"EUROPE,Northern Europe,Others,March,1250,7,1257,1034,21.6"
"EUROPE,Western Europe,Austria,March,1754,2,1756,1674,4.9"
"EUROPE,Western Europe,Belgium,March,1605,4,1609,1565,2.8"
"EUROPE,Western Europe,France,March,15262,16,15278,10960,39.4"
"EUROPE,Western Europe,Germany,March,17883,35,17918,18324,-2.2"
"EUROPE,Western Europe,Netherlands,March,4807,31,4838,3707,30.5"
"EUROPE,Western Europe,Switzerland,March,2733,7,2740,2522,8.6"
"EUROPE,Western Europe,Others,March,76,1,77,110,-30.0"
"EUROPE,Central/Eastern Europe,Belarus,March,1257,0,1257,1665,-24.5"
"EUROPE,Central/Eastern Europe,Czech Republic,March,2266,0,2266,2988,-24.5"
"EUROPE,Central/Eastern Europe,Estonia,March,757,0,757,690,9.7"
"EUROPE,Central/Eastern Europe,Hungary,March,689,6,695,585,18.8"
"EUROPE,Central/Eastern Europe,Kazakhstan,March,1808,0,1808,2266,-20.2"
"EUROPE,Central/Eastern Europe,Lithuania,March,1260,3,1263,1219,3.6"
"EUROPE,Central/Eastern Europe,Poland,March,5658,3,5661,4789,18.2"
"EUROPE,Central/Eastern Europe,Romania,March,754,6,760,638,19.1"
"EUROPE,Central/Eastern Europe,Russia,March,29176,1,29177,28016,4.1"
"EUROPE,Central/Eastern Europe,Slovakia,March,830,2,832,945,-12.0"
"EUROPE,Central/Eastern Europe,Ukraine,March,1117,2,1119,907,23.4"
"EUROPE,Central/Eastern Europe,Others,March,2376,1,2377,2362,0.6"
"EUROPE,Southern/Mediterranean Europe,Greece,March,330,0,330,305,8.2"
"EUROPE,Southern/Mediterranean Europe,Italy,March,3518,6,3524,2502,40.8"
"EUROPE,Southern/Mediterranean Europe,Portugal,March,872,4,876,670,30.7"
"EUROPE,Southern/Mediterranean Europe,Spain,March,2541,7,2548,2706,-5.8"
"EUROPE,Southern/Mediterranean Europe,Turkey,March,988,4,992,473,109.7"
"EUROPE,Southern/Mediterranean Europe,Israel,March,2068,1,2069,2212,-6.5"
"EUROPE,Southern/Mediterranean Europe,Others,March,999,1,1000,901,11.0"
"MIDDLE EAST,,Bahrain,March,159,0,159,122,30.3"
"MIDDLE EAST,,Egypt,March,357,0,357,396,-9.8"
"MIDDLE EAST,,Iraq,March,131,0,131,54,142.6"
"MIDDLE EAST,,Jordan,March,178,0,178,180,-1.1"
"MIDDLE EAST,,Kuwait,March,172,2,174,231,-24.7"
"MIDDLE EAST,,Lebanon,March,145,0,145,155,-6.5"
"MIDDLE EAST,,Oman,March,156,0,156,236,-33.9"
"MIDDLE EAST,,Qatar,March,33,0,33,41,-19.5"
"MIDDLE EAST,,Saudi Arabia,March,487,0,487,511,-4.7"
"MIDDLE EAST,,United Arab Emirates,March,191,0,191,219,-12.8"
"MIDDLE EAST,,Others,March,78,0,78,58,34.5"
"AMERICAS,North America,Canada,April,3181,57,3238,3594,-9.9"
"AMERICAS,North America,Mexico,April,107,0,107,155,-31.0"
"AMERICAS,North America,United States,April,3863,339,4202,5574,-24.6"
"AMERICAS,Caribbean & Central America,Costa Rica,April,0,0,0,11,-100.0"
"AMERICAS,Caribbean & Central America,Jamaica,April,0,0,0,1,0.0"
"AMERICAS,Caribbean & Central America,Others,April,52,1,53,66,-19.7"
"AMERICAS,South America,Argentina,April,62,0,62,102,-39.2"
"AMERICAS,South America,Brazil,April,178,0,178,239,-25.5"
"AMERICAS,South America,Chile,April,60,1,61,53,15.1"
"AMERICAS,South America,Colombia,April,62,0,62,88,-29.5"
"AMERICAS,South America,Others,April,102,3,105,95,10.5"
"AFRICA,North Africa,Morocco,April,95,0,95,131,-27.5"
"AFRICA,North Africa,Sudan,April,102,0,102,68,50.0"
"AFRICA,North Africa,Others,April,80,0,80,190,-57.9"
"AFRICA,Sub-Saharan Africa,Kenya,April,79,0,79,45,75.6"
"AFRICA,Sub-Saharan Africa,Mauritius,April,82,0,82,59,39.0"
"AFRICA,Sub-Saharan Africa,Nigeria,April,0,0,0,9,-100.0"
"AFRICA,Sub-Saharan Africa,South Africa,April,368,2,370,474,-21.9"
"AFRICA,Sub-Saharan Africa,Others,April,490,0,490,420,16.7"
"ASIA & PACIFIC,North East Asia,China,April,8666,1,8667,8969,-3.4"
"ASIA & PACIFIC,North East Asia,Japan,April,2368,6,2374,1949,21.8"
"ASIA & PACIFIC,North East Asia,South Korea,April,580,4,584,637,-8.3"
"ASIA & PACIFIC,North East Asia,Others,April,16,0,16,4,300.0"
"ASIA & PACIFIC,South East Asia,Cambodia,April,551,0,551,162,240.1"
"ASIA & PACIFIC,South East Asia,Indonesia,April,446,0,446,248,79.8"
"ASIA & PACIFIC,South East Asia,Malaysia,April,1479,7,1486,1277,16.4"
"ASIA & PACIFIC,South East Asia,Myanmar,April,166,0,166,125,32.8"
"ASIA & PACIFIC,South East Asia,Philippines,April,565,0,565,578,-2.2"
"ASIA & PACIFIC,South East Asia,Singapore,April,1058,2,1060,858,23.5"
"ASIA & PACIFIC,South East Asia,Thailand,April,1220,0,1220,834,46.3"
"ASIA & PACIFIC,South East Asia,Vietnam,April,778,0,778,235,231.1"
"ASIA & PACIFIC,South East Asia,Others,April,20,0,20,22,-9.1"
"ASIA & PACIFIC,Oceania,Australia,April,10656,88,10744,7202,49.2"
"ASIA & PACIFIC,Oceania,New Zealand,April,1417,17,1434,1116,28.5"
"ASIA & PACIFIC,Oceania,Others,April,71,0,71,35,102.9"
"ASIA & PACIFIC,South Asia,Afghanistan,April,21,0,21,0,-"
"ASIA & PACIFIC,South Asia,Bangladesh,April,5428,0,5428,2354,130.6"
"ASIA & PACIFIC,South Asia,Bhutan,April,72,0,72,24,200.0"
"ASIA & PACIFIC,South Asia,India,April,38204,540,38744,27304,41.9"
"ASIA & PACIFIC,South Asia,Iran,April,232,0,232,426,-45.5"
"ASIA & PACIFIC,South Asia,Maldives,April,2516,0,2516,2938,-14.4"
"ASIA & PACIFIC,South Asia,Nepal,April,527,0,527,284,85.6"
"ASIA & PACIFIC,South Asia,Pakistan,April,1156,0,1156,797,45.0"
"EUROPE,Northern Europe,Denmark,April,1315,1,1316,822,60.1"
"EUROPE,Northern Europe,Finland,April,236,0,236,238,-0.8"
"EUROPE,Northern Europe,Norway,April,878,0,878,548,60.2"
"EUROPE,Northern Europe,Sweden,April,696,0,696,537,29.6"
"EUROPE,Northern Europe,United Kingdom,April,17293,55,17348,13173,31.7"
"EUROPE,Northern Europe,Others,April,980,1,981,862,13.8"
"EUROPE,Western Europe,Austria,April,1083,4,1087,1092,-0.5"
"EUROPE,Western Europe,Belgium,April,1620,3,1623,914,77.6"
"EUROPE,Western Europe,France,April,8255,21,8276,8792,-5.9"
"EUROPE,Western Europe,Germany,April,11632,22,11654,9843,18.4"
"EUROPE,Western Europe,Netherlands,April,4452,24,4476,3437,30.2"
"EUROPE,Western Europe,Switzerland,April,3237,4,3241,2557,26.8"
"EUROPE,Western Europe,Others,April,137,2,139,94,47.9"
"EUROPE,Central/Eastern Europe,Belarus,April,436,0,436,752,-42.0"
"EUROPE,Central/Eastern Europe,Czech Republic,April,1227,0,1227,1279,-4.1"
"EUROPE,Central/Eastern Europe,Estonia,April,108,0,108,236,-54.2"
"EUROPE,Central/Eastern Europe,Hungary,April,419,2,421,237,77.6"
"EUROPE,Central/Eastern Europe,Kazakhstan,April,121,0,121,152,-20.4"
"EUROPE,Central/Eastern Europe,Lithuania,April,178,0,178,401,-55.6"
"EUROPE,Central/Eastern Europe,Poland,April,2096,2,2098,2349,-10.7"
"EUROPE,Central/Eastern Europe,Romania,April,455,1,456,655,-30.4"
"EUROPE,Central/Eastern Europe,Russia,April,13525,0,13525,15103,-10.4"
"EUROPE,Central/Eastern Europe,Slovakia,April,627,0,627,535,17.2"
"EUROPE,Central/Eastern Europe,Ukraine,April,411,0,411,437,-5.9"
"EUROPE,Central/Eastern Europe,Others,April,750,0,750,1026,-26.9"
"EUROPE,Southern/Mediterranean Europe,Greece,April,423,0,423,306,38.2"
"EUROPE,Southern/Mediterranean Europe,Italy,April,3629,4,3633,2245,61.8"
"EUROPE,Southern/Mediterranean Europe,Portugal,April,762,1,763,530,44.0"
"EUROPE,Southern/Mediterranean Europe,Spain,April,3138,6,3144,2166,45.2"
"EUROPE,Southern/Mediterranean Europe,Turkey,April,533,0,533,910,-41.4"
"EUROPE,Southern/Mediterranean Europe,Israel,April,1821,0,1821,3169,-42.5"
"EUROPE,Southern/Mediterranean Europe,Others,April,1103,1,1104,853,29.4"
"MIDDLE EAST,,Bahrain,April,77,0,77,85,-9.4"
"MIDDLE EAST,,Egypt,April,298,0,298,223,33.6"
"MIDDLE EAST,,Iraq,April,114,0,114,119,-4.2"
"MIDDLE EAST,,Jordan,April,262,0,262,275,-4.7"
"MIDDLE EAST,,Kuwait,April,219,0,219,198,10.6"
"MIDDLE EAST,,Lebanon,April,248,0,248,283,-12.4"
"MIDDLE EAST,,Oman,April,518,0,518,685,-24.4"
"MIDDLE EAST,,Qatar,April,159,0,159,156,1.9"
"MIDDLE EAST,,Saudi Arabia,April,1068,0,1068,1276,-16.3"
"MIDDLE EAST,,United Arab Emirates,April,862,0,862,836,3.1"
"MIDDLE EAST,,Others,April,78,0,78,58,34.5"
"AMERICAS,North America,Canada,May,3344,68,3412,3294,3.6"
"AMERICAS,North America,Mexico,May,75,13,88,57,54.4"
"AMERICAS,North America,United States,May,3234,373,3607,4082,-11.6"
"AMERICAS,Caribbean & Central America,Costa Rica,May,10,2,12,7,71.4"
"AMERICAS,Caribbean & Central America,Jamaica,May,0,0,0,7,-57.1"
"AMERICAS,Caribbean & Central America,Others,May,65,0,65,49,32.7"
"AMERICAS,South America,Argentina,May,60,0,60,44,36.4"
"AMERICAS,South America,Brazil,May,131,1,132,106,24.5"
"AMERICAS,South America,Chile,May,41,0,41,42,-2.4"
"AMERICAS,South America,Colombia,May,56,0,56,40,40.0"
"AMERICAS,South America,Others,May,67,1,68,57,19.3"
"AFRICA,North Africa,Morocco,May,108,0,108,59,83.1"
"AFRICA,North Africa,Sudan,May,66,0,66,69,-4.3"
"AFRICA,North Africa,Others,May,92,0,92,85,8.2"
"AFRICA,Sub-Saharan Africa,Kenya,May,71,0,71,45,57.8"
"AFRICA,Sub-Saharan Africa,Mauritius,May,56,0,56,25,124.0"
"AFRICA,Sub-Saharan Africa,Nigeria,May,14,0,14,0,75.0"
"AFRICA,Sub-Saharan Africa,South Africa,May,198,0,198,195,1.5"
"AFRICA,Sub-Saharan Africa,Others,May,367,0,367,222,65.3"
"ASIA & PACIFIC,North East Asia,China,May,8803,0,8803,7930,11.0"
"ASIA & PACIFIC,North East Asia,Japan,May,2124,2,2126,1581,34.5"
"ASIA & PACIFIC,North East Asia,South Korea,May,544,0,544,571,-4.7"
"ASIA & PACIFIC,North East Asia,Others,May,20,0,20,8,150.0"
"ASIA & PACIFIC,South East Asia,Cambodia,May,28,0,28,82,-65.9"
"ASIA & PACIFIC,South East Asia,Indonesia,May,471,0,471,218,116.1"
"ASIA & PACIFIC,South East Asia,Malaysia,May,1917,3,1920,1204,59.5"
"ASIA & PACIFIC,South East Asia,Myanmar,May,203,0,203,83,144.6"
"ASIA & PACIFIC,South East Asia,Philippines,May,468,4,472,395,19.5"
"ASIA & PACIFIC,South East Asia,Singapore,May,1054,0,1054,914,15.3"
"ASIA & PACIFIC,South East Asia,Thailand,May,554,2,556,583,-4.6"
"ASIA & PACIFIC,South East Asia,Vietnam,May,250,0,250,290,-13.8"
"ASIA & PACIFIC,South East Asia,Others,May,36,0,36,23,56.5"
"ASIA & PACIFIC,Oceania,Australia,May,5896,33,5929,5465,8.5"
"ASIA & PACIFIC,Oceania,New Zealand,May,832,8,840,664,26.5"
"ASIA & PACIFIC,Oceania,Others,May,33,0,33,18,83.3"
"ASIA & PACIFIC,South Asia,Afghanistan,May,10,0,10,20,-50.0"
"ASIA & PACIFIC,South Asia,Bangladesh,May,7282,0,7282,2878,153.0"
"ASIA & PACIFIC,South Asia,Bhutan,May,55,0,55,52,5.8"
"ASIA & PACIFIC,South Asia,India,May,46272,729,47001,32254,45.7"
"ASIA & PACIFIC,South Asia,Iran,May,354,0,354,280,26.4"
"ASIA & PACIFIC,South Asia,Maldives,May,3006,0,3006,8040,-62.6"
"ASIA & PACIFIC,South Asia,Nepal,May,403,0,403,282,42.9"
"ASIA & PACIFIC,South Asia,Pakistan,May,946,0,946,938,0.9"
"EUROPE,Northern Europe,Denmark,May,498,2,500,410,22.0"
"EUROPE,Northern Europe,Finland,May,208,0,208,159,30.8"
"EUROPE,Northern Europe,Norway,May,355,0,355,379,-6.3"
"EUROPE,Northern Europe,Sweden,May,285,1,286,278,2.9"
"EUROPE,Northern Europe,United Kingdom,May,9160,61,9221,8094,13.9"
"EUROPE,Northern Europe,Others,May,483,3,486,337,44.2"
"EUROPE,Western Europe,Austria,May,461,22,483,544,-11.2"
"EUROPE,Western Europe,Belgium,May,656,8,664,549,20.9"
"EUROPE,Western Europe,France,May,5465,5,5470,4064,34.6"
"EUROPE,Western Europe,Germany,May,5343,1880,7223,7495,-3.6"
"EUROPE,Western Europe,Netherlands,May,2311,18,2329,1845,26.2"
"EUROPE,Western Europe,Switzerland,May,1385,39,1424,1345,5.9"
"EUROPE,Western Europe,Others,May,31,2,33,39,-15.4"
"EUROPE,Central/Eastern Europe,Belarus,May,148,0,148,195,-24.1"
"EUROPE,Central/Eastern Europe,Czech Republic,May,347,7,354,314,12.7"
"EUROPE,Central/Eastern Europe,Estonia,May,28,0,28,11,154.5"
"EUROPE,Central/Eastern Europe,Hungary,May,128,5,133,78,70.5"
"EUROPE,Central/Eastern Europe,Kazakhstan,May,207,0,207,65,218.5"
"EUROPE,Central/Eastern Europe,Lithuania,May,101,1,102,69,47.8"
"EUROPE,Central/Eastern Europe,Poland,May,1068,10,1078,1002,7.6"
"EUROPE,Central/Eastern Europe,Romania,May,188,2,190,147,29.3"
"EUROPE,Central/Eastern Europe,Russia,May,3322,6,3328,4384,-24.1"
"EUROPE,Central/Eastern Europe,Slovakia,May,208,4,212,173,22.5"
"EUROPE,Central/Eastern Europe,Ukraine,May,232,2,234,203,15.3"
"EUROPE,Central/Eastern Europe,Others,May,470,3,473,316,49.7"
"EUROPE,Southern/Mediterranean Europe,Greece,May,140,0,140,133,5.3"
"EUROPE,Southern/Mediterranean Europe,Italy,May,1324,9,1333,1010,32.0"
"EUROPE,Southern/Mediterranean Europe,Portugal,May,306,6,312,314,-0.6"
"EUROPE,Southern/Mediterranean Europe,Spain,May,1575,18,1593,1369,16.4"
"EUROPE,Southern/Mediterranean Europe,Turkey,May,383,1,384,294,30.6"
"EUROPE,Southern/Mediterranean Europe,Israel,May,896,0,896,1506,-40.5"
"EUROPE,Southern/Mediterranean Europe,Others,May,280,1,281,236,19.1"
"MIDDLE EAST,,Bahrain,May,54,0,54,68,-20.6"
"MIDDLE EAST,,Egypt,May,298,0,298,223,33.6"
"MIDDLE EAST,,Iraq,May,114,0,114,119,-4.2"
"MIDDLE EAST,,Jordan,May,262,0,262,275,-4.7"
"MIDDLE EAST,,Kuwait,May,219,0,219,198,10.6"
"MIDDLE EAST,,Lebanon,May,248,0,248,283,-12.4"
"MIDDLE EAST,,Oman,May,518,0,518,685,-24.4"
"MIDDLE EAST,,Qatar,May,159,0,159,156,1.9"
"MIDDLE EAST,,Saudi Arabia,May,1068,0,1068,1276,-16.3"
"MIDDLE EAST,,United Arab Emirates,May,862,0,862,836,3.1"
"MIDDLE EAST,,Others,May,78,0,78,58,34.5"
"AMERICAS,North America,Canada,June,4235,4,4239,3263,29.9"
"AMERICAS,North America,Mexico,June,61,0,61,38,60.5"
"AMERICAS,North America,United States,June,5413,9,5422,4023,34.8"
"AMERICAS,Caribbean & Central America,Costa Rica,June,4,0,4,3,33.3"
"AMERICAS,Caribbean & Central America,Jamaica,June,6,0,6,12,-50.0"
"AMERICAS,Caribbean & Central America,Others,June,93,0,93,69,34.8"
"AMERICAS,South America,Argentina,June,56,0,56,51,9.8"
"AMERICAS,South America,Brazil,June,119,0,119,111,7.2"
"AMERICAS,South America,Chile,June,23,0,23,32,-28.1"
"AMERICAS,South America,Colombia,June,43,0,43,44,-2.3"
"AMERICAS,South America,Others,June,61,0,61,34,79.4"
"AFRICA,North Africa,Morocco,June,84,0,84,80,5.0"
"AFRICA,North Africa,Sudan,June,114,0,114,116,-1.7"
"AFRICA,North Africa,Others,June,108,0,108,107,0.9"
"AFRICA,Sub-Saharan Africa,Kenya,June,308,0,308,29,-"
"AFRICA,Sub-Saharan Africa,Mauritius,June,37,0,37,25,48.0"
"AFRICA,Sub-Saharan Africa,Nigeria,June,12,0,12,1,-"
"AFRICA,Sub-Saharan Africa,South Africa,June,344,0,344,349,-1.4"
"AFRICA,Sub-Saharan Africa,Others,June,730,0,730,357,104.5"
"ASIA & PACIFIC,North East Asia,China,June,8804,0,8804,9222,-4.5"
"ASIA & PACIFIC,North East Asia,Japan,June,2091,2,2093,1666,25.6"
"ASIA & PACIFIC,North East Asia,South Korea,June,660,0,660,579,14.0"
"ASIA & PACIFIC,North East Asia,Others,June,11,0,11,22,-50.0"
"ASIA & PACIFIC,South East Asia,Cambodia,June,63,0,63,50,26.0"
"ASIA & PACIFIC,South East Asia,Indonesia,June,376,0,376,272,38.2"
"ASIA & PACIFIC,South East Asia,Malaysia,June,1829,1,1830,1384,32.2"
"ASIA & PACIFIC,South East Asia,Myanmar,June,131,0,131,117,12.0"
"ASIA & PACIFIC,South East Asia,Philippines,June,745,0,745,544,36.9"
"ASIA & PACIFIC,South East Asia,Singapore,June,1830,0,1830,1284,42.5"
"ASIA & PACIFIC,South East Asia,Thailand,June,597,0,597,364,64.0"
"ASIA & PACIFIC,South East Asia,Vietnam,June,255,0,255,237,7.6"
"ASIA & PACIFIC,South East Asia,Others,June,30,0,30,36,-16.7"
"ASIA & PACIFIC,Oceania,Australia,June,7297,2,7299,6317,15.5"
"ASIA & PACIFIC,Oceania,New Zealand,June,1084,0,1084,853,27.1"
"ASIA & PACIFIC,Oceania,Others,June,21,0,21,45,-53.3"
"ASIA & PACIFIC,South Asia,Afghanistan,June,2,0,2,2,0.0"
"ASIA & PACIFIC,South Asia,Bangladesh,June,5826,0,5826,4374,33.2"
"ASIA & PACIFIC,South Asia,Bhutan,June,49,0,49,33,48.5"
"ASIA & PACIFIC,South Asia,India,June,37293,641,37934,28631,32.5"
"ASIA & PACIFIC,South Asia,Iran,June,196,0,196,318,-38.4"
"ASIA & PACIFIC,South Asia,Maldives,June,3157,0,3157,5109,-38.2"
"ASIA & PACIFIC,South Asia,Nepal,June,352,0,352,200,76.0"
"ASIA & PACIFIC,South Asia,Pakistan,June,6833,0,6833,1399,388.4"
"EUROPE,Northern Europe,Denmark,June,815,1,816,714,14.3"
"EUROPE,Northern Europe,Finland,June,145,0,145,130,11.5"
"EUROPE,Northern Europe,Norway,June,1473,0,1473,1452,1.4"
"EUROPE,Northern Europe,Sweden,June,628,0,628,568,10.6"
"EUROPE,Northern Europe,United Kingdom,June,11622,6,11628,9266,25.5"
"EUROPE,Northern Europe,Others,June,728,0,728,679,7.2"
"EUROPE,Western Europe,Austria,June,487,0,487,384,26.8"
"EUROPE,Western Europe,Belgium,June,1135,0,1135,872,30.2"
"EUROPE,Western Europe,France,June,4339,6,4345,3102,40.1"
"EUROPE,Western Europe,Germany,June,5493,5,5498,4556,20.7"
"EUROPE,Western Europe,Netherlands,June,2421,2,2423,1935,25.2"
"EUROPE,Western Europe,Switzerland,June,1588,1,1589,1291,23.1"
"EUROPE,Western Europe,Others,June,25,0,25,16,56.3"
"EUROPE,Central/Eastern Europe,Belarus,June,86,0,86,175,-50.9"
"EUROPE,Central/Eastern Europe,Czech Republic,June,625,0,625,526,18.8"
"EUROPE,Central/Eastern Europe,Estonia,June,19,0,19,30,-36.7"
"EUROPE,Central/Eastern Europe,Hungary,June,126,0,126,160,-21.3"
"EUROPE,Central/Eastern Europe,Kazakhstan,June,96,0,96,96,0.0"
"EUROPE,Central/Eastern Europe,Lithuania,June,126,0,126,73,72.6"
"EUROPE,Central/Eastern Europe,Poland,June,1138,0,1138,1047,8.7"
"EUROPE,Central/Eastern Europe,Romania,June,219,0,219,192,14.1"
"EUROPE,Central/Eastern Europe,Russia,June,1891,0,1891,3412,-44.6"
"EUROPE,Central/Eastern Europe,Slovakia,June,133,0,133,163,-18.4"
"EUROPE,Central/Eastern Europe,Ukraine,June,214,0,214,206,3.9"
"EUROPE,Central/Eastern Europe,Others,June,343,0,343,318,7.9"
"EUROPE,Southern/Mediterranean Europe,Greece,June,106,0,106,82,29.3"
"EUROPE,Southern/Mediterranean Europe,Italy,June,2173,1,2174,1792,21.3"
"EUROPE,Southern/Mediterranean Europe,Portugal,June,644,0,644,281,129.2"
"EUROPE,Southern/Mediterranean Europe,Spain,June,2329,2,2331,2081,12.0"
"EUROPE,Southern/Mediterranean Europe,Turkey,June,607,0,607,572,6.1"
"EUROPE,Southern/Mediterranean Europe,Israel,June,573,0,573,1515,-62.2"
"EUROPE,Southern/Mediterranean Europe,Others,June,349,0,349,303,15.2"
"MIDDLE EAST,,Bahrain,June,230,0,230,197,16.8"
"MIDDLE EAST,,Egypt,June,425,0,425,326,30.4"
"MIDDLE EAST,,Iraq,June,114,0,114,119,-4.2"
"MIDDLE EAST,,Jordan,June,262,0,262,275,-4.7"
"MIDDLE EAST,,Kuwait,June,219,0,219,198,10.6"
"MIDDLE EAST,,Lebanon,June,248,0,248,283,-12.4"
"MIDDLE EAST,,Oman,June,518,0,518,685,-24.4"
"MIDDLE EAST,,Qatar,June,159,0,159,156,1.9"
"MIDDLE EAST,,Saudi Arabia,June,1068,0,1068,1276,-16.3"
"MIDDLE EAST,,United Arab Emirates,June,862,0,862,836,3.1"
"MIDDLE EAST,,Others,June,78,0,78,58,34.5"
"AMERICAS,North America,Canada,July,5455,7,5462,4821,13.3"
"AMERICAS,North America,Mexico,July,44,0,44,44,0.0"
"AMERICAS,North America,United States,July,5217,5,5222,4962,5.2"
"AMERICAS,Caribbean & Central America,Costa Rica,July,8,0,8,3,166.7"
"AMERICAS,Caribbean & Central America,Jamaica,July,7,0,7,7,0.0"
"AMERICAS,South America,Argentina,July,45,0,45,50,-10.0"
"AMERICAS,South America,Brazil,July,123,1,124,134,-7.5"
"AMERICAS,South America,Chile,July,79,0,79,36,119.4"
"AMERICAS,South America,Colombia,July,69,0,69,51,35.3"
"AFRICA,North Africa,Morocco,July,91,0,91,87,4.6"
"AFRICA,North Africa,Sudan,July,121,0,121,122,-0.8"
"AFRICA,Sub-Saharan Africa,Kenya,July,84,0,84,128,-34.4"
"AFRICA,Sub-Saharan Africa,Mauritius,July,81,0,81,33,145.5"
"AFRICA,Sub-Saharan Africa,Nigeria,July,10,0,10,9,11.1"
"AFRICA,Sub-Saharan Africa,South Africa,July,419,0,419,333,25.8"
"ASIA & PACIFIC,North East Asia,China,July,12982,0,12982,13685,-5.1"
"ASIA & PACIFIC,North East Asia,Japan,July,3074,2,3076,2202,39.7"
"ASIA & PACIFIC,North East Asia,South Korea,July,932,0,932,1009,-7.6"
"ASIA & PACIFIC,South East Asia,Cambodia,July,46,0,46,24,91.7"
"ASIA & PACIFIC,South East Asia,Indonesia,July,361,0,361,275,31.3"
"ASIA & PACIFIC,South East Asia,Malaysia,July,1711,1,1712,1596,7.3"
"ASIA & PACIFIC,South East Asia,Myanmar,July,392,0,392,194,102.1"
"ASIA & PACIFIC,South East Asia,Philippines,July,608,0,608,500,21.6"
"ASIA & PACIFIC,South East Asia,Singapore,July,1296,1,1297,853,52.1"
"ASIA & PACIFIC,South East Asia,Thailand,July,506,0,506,483,4.8"
"ASIA & PACIFIC,South East Asia,Vietnam,July,266,0,266,279,-4.7"
"ASIA & PACIFIC,Oceania,Australia,July,9116,1,9117,7371,23.7"
"ASIA & PACIFIC,Oceania,New Zealand,July,1106,0,1106,1017,8.8"
"ASIA & PACIFIC,South Asia,Afghanistan,July,1,0,1,15,-93.3"
"ASIA & PACIFIC,South Asia,Bangladesh,July,3274,0,3274,4607,-28.9"
"ASIA & PACIFIC,South Asia,Bhutan,July,44,0,44,29,51.7"
"ASIA & PACIFIC,South Asia,India,July,36774,354,37128,41173,-9.8"
"ASIA & PACIFIC,South Asia,Iran,July,151,0,151,339,-55.5"
"ASIA & PACIFIC,South Asia,Maldives,July,4755,0,4755,3097,53.5"
"ASIA & PACIFIC,South Asia,Nepal,July,442,0,442,382,15.7"
"ASIA & PACIFIC,South Asia,Pakistan,July,2002,0,2002,1848,8.3"
"EUROPE,Northern Europe,Denmark,July,2508,1,2509,2147,16.9"
"EUROPE,Northern Europe,Finland,July,150,0,150,94,59.6"
"EUROPE,Northern Europe,Norway,July,1979,3,1982,1800,10.1"
"EUROPE,Northern Europe,Sweden,July,686,3,689,716,-3.8"
"EUROPE,Northern Europe,United Kingdom,July,23470,5,23475,20837,12.7"
"EUROPE,Western Europe,Austria,July,1846,0,1846,1722,7.2"
"EUROPE,Western Europe,Belgium,July,4510,1,4511,3435,31.3"
"EUROPE,Western Europe,France,July,11042,17,11059,9405,17.6"
"EUROPE,Western Europe,Germany,July,10563,5,10568,10618,-0.5"
"EUROPE,Western Europe,Netherlands,July,15555,1,15556,11431,36.1"
"EUROPE,Western Europe,Switzerland,July,4990,0,4990,5089,-1.9"
"EUROPE,Central/Eastern Europe,Belarus,July,137,0,137,203,-32.5"
"EUROPE,Central/Eastern Europe,Czech Republic,July,1367,0,1367,1133,20.7"
"EUROPE,Central/Eastern Europe,Estonia,July,21,0,21,24,-12.5"
"EUROPE,Central/Eastern Europe,Hungary,July,265,0,265,210,26.2"
"EUROPE,Central/Eastern Europe,Kazakhstan,July,78,0,78,168,-53.6"
"EUROPE,Central/Eastern Europe,Lithuania,July,144,0,144,174,-17.2"
"EUROPE,Central/Eastern Europe,Poland,July,3467,2,3469,2257,53.7"
"EUROPE,Central/Eastern Europe,Romania,July,231,0,231,264,-12.5"
"EUROPE,Central/Eastern Europe,Russia,July,3158,0,3158,4578,-31.0"
"EUROPE,Central/Eastern Europe,Slovakia,July,320,0,320,292,9.6"
"EUROPE,Central/Eastern Europe,Ukraine,July,279,0,279,214,30.4"
"EUROPE,Southern/Mediterranean Europe,Greece,July,162,0,162,119,36.1"
"EUROPE,Southern/Mediterranean Europe,Italy,July,4886,0,4886,3630,34.6"
"EUROPE,Southern/Mediterranean Europe,Portugal,July,578,0,578,351,64.7"
"EUROPE,Southern/Mediterranean Europe,Spain,July,5912,0,5912,4224,40.0"
"EUROPE,Southern/Mediterranean Europe,Turkey,July,660,0,660,403,63.8"
"EUROPE,Southern/Mediterranean Europe,Israel,July,1966,0,1966,2962,-33.6"
"MIDDLE EAST,,Bahrain,July,232,0,232,162,43.2"
"MIDDLE EAST,,Egypt,July,328,0,328,326,0.6"
"MIDDLE EAST,,Iraq,July,114,0,114,119,-4.2"
"MIDDLE EAST,,Jordan,July,262,0,262,275,-4.7"
"MIDDLE EAST,,Kuwait,July,219,0,219,198,10.6"
"MIDDLE EAST,,Lebanon,July,248,0,248,283,-12.4"
"MIDDLE EAST,,Oman,July,518,0,518,685,-24.4"
"MIDDLE EAST,,Qatar,July,159,0,159,156,1.9"
"MIDDLE EAST,,Saudi Arabia,July,1068,0,1068,1276,-16.3"
"MIDDLE EAST,,United Arab Emirates,July,862,0,862,836,3.1"
"MIDDLE EAST,,Others,July,78,0,78,58,34.5"
"AMERICAS,North America,Canada,August,4322,11,4333,3868,12.0"
"AMERICAS,North America,Mexico,August,73,0,73,58,25.9"
"AMERICAS,North America,United States,August,4951,19,4970,3539,40.4"
"AMERICAS,Caribbean & Central America,Costa Rica,August,6,0,6,2,200.0"
"AMERICAS,Caribbean & Central America,Jamaica,August,5,0,5,5,0.0"
"AMERICAS,Caribbean & Central America,Others,August,87,0,87,47,85.1"
"AMERICAS,South America,Argentina,August,54,0,54,43,25.6"
"AMERICAS,South America,Brazil,August,134,0,134,129,3.9"
"AMERICAS,South America,Chile,August,39,0,39,42,-7.1"
"AMERICAS,South America,Colombia,August,60,0,60,51,17.6"
"AMERICAS,South America,Others,August,68,0,68,49,38.8"
"AFRICA,North Africa,Morocco,August,132,0,132,112,17.9"
"AFRICA,North Africa,Sudan,August,288,0,288,78,269.2"
"AFRICA,North Africa,Others,August,110,0,110,103,6.8"
"AFRICA,Sub-Saharan Africa,Kenya,August,93,0,93,54,72.2"
"AFRICA,Sub-Saharan Africa,Mauritius,August,60,0,60,57,5.3"
"AFRICA,Sub-Saharan Africa,Nigeria,August,12,0,12,5,140.0"
"AFRICA,Sub-Saharan Africa,South Africa,August,460,0,460,324,42.0"
"AFRICA,Sub-Saharan Africa,Others,August,715,0,715,474,50.8"
"ASIA & PACIFIC,North East Asia,China,August,12294,0,12294,12088,1.7"
"ASIA & PACIFIC,North East Asia,Japan,August,5126,1,5127,4102,25.0"
"ASIA & PACIFIC,North East Asia,South Korea,August,808,0,808,698,15.8"
"ASIA & PACIFIC,North East Asia,Others,August,33,0,33,1,3200.0"
"ASIA & PACIFIC,South East Asia,Cambodia,August,37,0,37,25,48.0"
"ASIA & PACIFIC,South East Asia,Indonesia,August,487,0,487,291,67.4"
"ASIA & PACIFIC,South East Asia,Malaysia,August,2157,0,2157,1571,37.3"
"ASIA & PACIFIC,South East Asia,Myanmar,August,527,0,527,417,26.4"
"ASIA & PACIFIC,South East Asia,Philippines,August,678,0,678,465,45.8"
"ASIA & PACIFIC,South East Asia,Singapore,August,1260,2,1262,1215,3.9"
"ASIA & PACIFIC,South East Asia,Thailand,August,682,0,682,598,14.0"
"ASIA & PACIFIC,South East Asia,Vietnam,August,308,0,308,293,5.1"
"ASIA & PACIFIC,South East Asia,Others,August,21,0,21,15,40.0"
"ASIA & PACIFIC,Oceania,Australia,August,7832,1,7833,6687,17.1"
"ASIA & PACIFIC,Oceania,New Zealand,August,1044,0,1044,1011,3.3"
"ASIA & PACIFIC,Oceania,Others,August,31,0,31,24,29.2"
"ASIA & PACIFIC,South Asia,Afghanistan,August,3,0,3,18,-83.3"
"ASIA & PACIFIC,South Asia,Bangladesh,August,4074,0,4074,3877,5.1"
"ASIA & PACIFIC,South Asia,Bhutan,August,44,0,44,51,-13.7"
"ASIA & PACIFIC,South Asia,India,August,43738,2735,46473,33031,40.7"
"ASIA & PACIFIC,South Asia,Iran,August,485,0,485,883,-45.1"
"ASIA & PACIFIC,South Asia,Maldives,August,3003,0,3003,3198,-6.1"
"ASIA & PACIFIC,South Asia,Nepal,August,579,4,583,252,131.3"
"ASIA & PACIFIC,South Asia,Pakistan,August,1580,0,1580,1040,51.9"
"EUROPE,Northern Europe,Denmark,August,737,2,739,606,21.9"
"EUROPE,Northern Europe,Finland,August,113,0,113,100,13.0"
"EUROPE,Northern Europe,Norway,August,514,0,514,486,5.8"
"EUROPE,Northern Europe,Sweden,August,341,0,341,290,17.6"
"EUROPE,Northern Europe,United Kingdom,August,19723,41,19764,17587,12.4"
"EUROPE,Northern Europe,Others,August,745,0,745,607,22.7"
"EUROPE,Western Europe,Austria,August,1425,0,1425,1150,23.9"
"EUROPE,Western Europe,Belgium,August,2047,0,2047,1751,16.9"
"EUROPE,Western Europe,France,August,10479,16,10495,8596,22.1"
"EUROPE,Western Europe,Germany,August,12500,0,12500,10623,17.7"
"EUROPE,Western Europe,Netherlands,August,6080,2,6082,5355,13.6"
"EUROPE,Western Europe,Switzerland,August,2065,2,2067,1856,11.4"
"EUROPE,Western Europe,Others,August,151,0,151,116,30.2"
"EUROPE,Central/Eastern Europe,Belarus,August,181,0,181,199,-9.0"
"EUROPE,Central/Eastern Europe,Czech Republic,August,874,0,874,822,6.3"
"EUROPE,Central/Eastern Europe,Estonia,August,16,0,16,15,6.7"
"EUROPE,Central/Eastern Europe,Hungary,August,239,0,239,261,-8.4"
"EUROPE,Central/Eastern Europe,Kazakhstan,August,60,0,60,71,-15.5"
"EUROPE,Central/Eastern Europe,Lithuania,August,117,0,117,111,5.4"
"EUROPE,Central/Eastern Europe,Poland,August,3403,1,3404,2240,52.0"
"EUROPE,Central/Eastern Europe,Romania,August,397,0,397,336,18.2"
"EUROPE,Central/Eastern Europe,Russia,August,3446,0,3446,4351,-20.8"
"EUROPE,Central/Eastern Europe,Slovakia,August,346,0,346,290,19.3"
"EUROPE,Central/Eastern Europe,Ukraine,August,272,0,272,203,34.0"
"EUROPE,Central/Eastern Europe,Others,August,544,0,544,411,32.4"
"EUROPE,Southern/Mediterranean Europe,Greece,August,844,0,844,339,149.0"
"EUROPE,Southern/Mediterranean Europe,Italy,August,12245,2,12247,9586,27.8"
"EUROPE,Southern/Mediterranean Europe,Portugal,August,647,1,648,667,-2.8"
"EUROPE,Southern/Mediterranean Europe,Spain,August,8843,0,8843,7262,21.8"
"EUROPE,Southern/Mediterranean Europe,Turkey,August,606,0,606,448,35.3"
"EUROPE,Southern/Mediterranean Europe,Israel,August,2403,0,2403,3248,-26.0"
"EUROPE,Southern/Mediterranean Europe,Others,August,996,1,997,951,4.8"
"MIDDLE EAST,,Bahrain,August,134,0,134,140,-4.3"
"MIDDLE EAST,,Egypt,August,274,0,274,232,18.1"
"MIDDLE EAST,,Iraq,August,114,0,114,119,-4.2"
"MIDDLE EAST,,Jordan,August,262,0,262,275,-4.7"
"MIDDLE EAST,,Kuwait,August,219,0,219,198,10.6"
"MIDDLE EAST,,Lebanon,August,248,0,248,283,-12.4"
"MIDDLE EAST,,Oman,August,518,0,518,685,-24.4"
"MIDDLE EAST,,Qatar,August,159,0,159,156,1.9"
"MIDDLE EAST,,Saudi Arabia,August,1068,0,1068,1276,-16.3"
"MIDDLE EAST,,United Arab Emirates,August,862,0,862,836,3.1"
"MIDDLE EAST,,Others,August,78,0,78,58,34.5"
"AMERICAS,North America,Canada,September,2513,0,2513,2095,20.0"
"AMERICAS,North America,Mexico,September,76,0,76,100,-24.0"
"AMERICAS,North America,United States,September,3569,0,3569,2460,45.1"
"AMERICAS,Caribbean & Central America,Costa Rica,September,5,0,5,2,150.0"
"AMERICAS,Caribbean & Central America,Jamaica,September,5,0,5,12,-58.3"
"AMERICAS,Caribbean & Central America,Others,September,97,0,97,44,120.5"
"AMERICAS,South America,Argentina,September,83,0,83,45,84.4"
"AMERICAS,South America,Brazil,September,123,0,123,100,23.0"
"AMERICAS,South America,Chile,September,38,0,38,32,18.8"
"AMERICAS,South America,Colombia,September,58,0,58,26,123.1"
"AMERICAS,South America,Others,September,89,0,89,45,97.8"
"AFRICA,North Africa,Morocco,September,89,0,89,78,14.1"
"AFRICA,North Africa,Sudan,September,82,0,82,62,32.3"
"AFRICA,North Africa,Others,September,129,0,129,70,84.3"
"AFRICA,Sub-Saharan Africa,Kenya,September,68,0,68,79,-13.9"
"AFRICA,Sub-Saharan Africa,Mauritius,September,47,0,47,20,135.0"
"AFRICA,Sub-Saharan Africa,Nigeria,September,30,0,30,18,66.7"
"AFRICA,Sub-Saharan Africa,South Africa,September,409,0,409,299,36.8"
"AFRICA,Sub-Saharan Africa,Others,September,355,0,355,305,16.4"
"ASIA & PACIFIC,North East Asia,China,September,10527,0,10527,9685,8.7"
"ASIA & PACIFIC,North East Asia,Japan,September,4137,0,4137,3526,17.3"
"ASIA & PACIFIC,North East Asia,South Korea,September,567,0,567,608,-6.7"
"ASIA & PACIFIC,North East Asia,Others,September,26,0,26,20,30.0"
"ASIA & PACIFIC,South East Asia,Cambodia,September,25,0,25,55,-54.5"
"ASIA & PACIFIC,South East Asia,Indonesia,September,378,0,378,431,-12.3"
"ASIA & PACIFIC,South East Asia,Malaysia,September,2570,0,2570,1954,31.5"
"ASIA & PACIFIC,South East Asia,Myanmar,September,166,0,166,33,-"
"ASIA & PACIFIC,South East Asia,Philippines,September,643,0,643,398,61.6"
"ASIA & PACIFIC,South East Asia,Singapore,September,1053,0,1053,710,48.3"
"ASIA & PACIFIC,South East Asia,Thailand,September,449,0,449,384,16.9"
"ASIA & PACIFIC,South East Asia,Vietnam,September,216,0,216,183,18.0"
"ASIA & PACIFIC,South East Asia,Others,September,28,0,28,4,-"
"ASIA & PACIFIC,Oceania,Australia,September,9105,0,9105,7200,26.5"
"ASIA & PACIFIC,Oceania,New Zealand,September,1200,0,1200,1033,16.2"
"ASIA & PACIFIC,Oceania,Others,September,45,0,45,52,-13.5"
"ASIA & PACIFIC,South Asia,Afghanistan,September,5,0,5,5,-"
"ASIA & PACIFIC,South Asia,Bangladesh,September,4953,0,4953,4178,18.5"
"ASIA & PACIFIC,South Asia,Bhutan,September,70,0,70,45,55.6"
"ASIA & PACIFIC,South Asia,India,September,49593,104,49697,27884,78.2"
"ASIA & PACIFIC,South Asia,Iran,September,846,0,846,1227,-31.1"
"ASIA & PACIFIC,South Asia,Maldives,September,3930,0,3930,4359,-9.8"
"ASIA & PACIFIC,South Asia,Nepal,September,595,0,595,234,154.3"
"ASIA & PACIFIC,South Asia,Pakistan,September,1468,0,1468,556,164.0"
"EUROPE,Northern Europe,Denmark,September,601,0,601,566,6.2"
"EUROPE,Northern Europe,Finland,September,193,0,193,165,17.0"
"EUROPE,Northern Europe,Norway,September,515,0,515,443,16.3"
"EUROPE,Northern Europe,Sweden,September,401,0,401,345,16.2"
"EUROPE,Northern Europe,United Kingdom,September,10752,0,10752,8688,23.8"
"EUROPE,Northern Europe,Others,September,618,0,618,446,38.6"
"EUROPE,Western Europe,Austria,September,708,0,708,757,-6.5"
"EUROPE,Western Europe,Belgium,September,1732,0,1732,1669,3.8"
"EUROPE,Western Europe,France,September,5143,1,5144,3749,37.2"
"EUROPE,Western Europe,Germany,September,9344,0,9344,8260,13.1"
"EUROPE,Western Europe,Netherlands,September,4433,0,4433,3725,19.0"
"EUROPE,Western Europe,Switzerland,September,2193,0,2193,1778,23.3"
"EUROPE,Western Europe,Others,September,42,0,42,18,133.3"
"EUROPE,Central/Eastern Europe,Belarus,September,208,0,208,177,17.5"
"EUROPE,Central/Eastern Europe,Czech Republic,September,641,0,641,496,29.2"
"EUROPE,Central/Eastern Europe,Estonia,September,39,0,39,45,-13.3"
"EUROPE,Central/Eastern Europe,Hungary,September,136,0,136,137,-0.7"
"EUROPE,Central/Eastern Europe,Kazakhstan,September,118,0,118,99,19.2"
"EUROPE,Central/Eastern Europe,Lithuania,September,144,0,144,92,56.5"
"EUROPE,Central/Eastern Europe,Poland,September,2654,0,2654,2243,18.3"
"EUROPE,Central/Eastern Europe,Romania,September,198,0,198,254,-22.0"
"EUROPE,Central/Eastern Europe,Russia,September,3228,0,3228,4199,-23.1"
"EUROPE,Central/Eastern Europe,Slovakia,September,335,0,335,255,31.4"
"EUROPE,Central/Eastern Europe,Ukraine,September,303,0,303,191,58.6"
"EUROPE,Central/Eastern Europe,Others,September,532,0,532,377,41.1"
"EUROPE,Southern/Mediterranean Europe,Greece,September,220,0,220,106,107.5"
"EUROPE,Southern/Mediterranean Europe,Italy,September,2340,0,2340,1902,23.0"
"EUROPE,Southern/Mediterranean Europe,Portugal,September,459,0,459,410,12.0"
"EUROPE,Southern/Mediterranean Europe,Spain,September,4841,0,4841,4166,16.2"
"EUROPE,Southern/Mediterranean Europe,Turkey,September,423,0,423,361,17.2"
"EUROPE,Southern/Mediterranean Europe,Israel,September,2136,0,2136,3142,-32.0"
"EUROPE,Southern/Mediterranean Europe,Others,September,459,0,459,619,-25.8"
"MIDDLE EAST,,Bahrain,September,76,0,76,54,40.7"
"MIDDLE EAST,,Egypt,September,261,0,261,232,12.5"
"MIDDLE EAST,,Iraq,September,114,0,114,119,-4.2"
"MIDDLE EAST,,Jordan,September,262,0,262,275,-4.7"
"MIDDLE EAST,,Kuwait,September,219,0,219,198,10.6"
"MIDDLE EAST,,Lebanon,September,248,0,248,283,-12.4"
"MIDDLE EAST,,Oman,September,518,0,518,685,-24.4"
"MIDDLE EAST,,Qatar,September,159,0,159,156,1.9"
"MIDDLE EAST,,Saudi Arabia,September,1068,0,1068,1276,-16.3"
"MIDDLE EAST,,United Arab Emirates,September,862,0,862,836,3.1"
"MIDDLE EAST,,Others,September,78,0,78,58,34.5"
"AMERICAS,North America,Canada,October,2444,0,2444,2339,4.5"
"AMERICAS,North America,Mexico,October,94,0,94,90,4.4"
"AMERICAS,North America,United States,October,3991,0,3991,3170,25.9"
"AMERICAS,Caribbean & Central America,Costa Rica,October,11,0,11,5,120.0"
"AMERICAS,Caribbean & Central America,Jamaica,October,5,0,5,9,-44.4"
"AMERICAS,Caribbean & Central America,Others,October,83,0,83,95,-12.6"
"AMERICAS,South America,Argentina,October,70,0,70,91,-23.1"
"AMERICAS,South America,Brazil,October,156,0,156,125,24.8"
"AMERICAS,South America,Chile,October,54,0,54,40,35.0"
"AMERICAS,South America,Colombia,October,67,0,67,62,8.1"
"AMERICAS,South America,Others,October,55,0,55,72,-23.6"
"AFRICA,North Africa,Morocco,October,82,0,82,100,-18.0"
"AFRICA,North Africa,Sudan,October,90,0,90,115,-21.7"
"AFRICA,North Africa,Others,October,115,0,115,191,-39.8"
"AFRICA,Sub-Saharan Africa,Kenya,October,88,0,88,42,109.5"
"AFRICA,Sub-Saharan Africa,Mauritius,October,69,0,69,21,228.6"
"AFRICA,Sub-Saharan Africa,Nigeria,October,39,0,39,7,457.1"
"AFRICA,Sub-Saharan Africa,South Africa,October,437,0,437,259,68.7"
"AFRICA,Sub-Saharan Africa,Others,October,300,0,300,300,0.0"
"ASIA & PACIFIC,North East Asia,China,October,10864,0,10864,9164,18.6"
"ASIA & PACIFIC,North East Asia,Japan,October,2253,0,2253,2392,-5.8"
"ASIA & PACIFIC,North East Asia,South Korea,October,1105,0,1105,876,26.1"
"ASIA & PACIFIC,North East Asia,Others,October,19,0,19,2,850.0"
"ASIA & PACIFIC,South East Asia,Cambodia,October,29,0,29,59,-50.8"
"ASIA & PACIFIC,South East Asia,Indonesia,October,356,0,356,297,19.9"
"ASIA & PACIFIC,South East Asia,Malaysia,October,1810,0,1810,1013,78.7"
"ASIA & PACIFIC,South East Asia,Myanmar,October,172,0,172,82,109.8"
"ASIA & PACIFIC,South East Asia,Philippines,October,588,0,588,407,44.5"
"ASIA & PACIFIC,South East Asia,Singapore,October,1011,0,1011,717,41.0"
"ASIA & PACIFIC,South East Asia,Thailand,October,724,0,724,581,24.6"
"ASIA & PACIFIC,South East Asia,Vietnam,October,273,0,273,202,35.1"
"ASIA & PACIFIC,South East Asia,Others,October,17,0,17,4,325.0"
"ASIA & PACIFIC,Oceania,Australia,October,7903,0,7903,6523,21.2"
"ASIA & PACIFIC,Oceania,New Zealand,October,1069,0,1069,780,37.1"
"ASIA & PACIFIC,Oceania,Others,October,51,0,51,27,88.9"
"ASIA & PACIFIC,South Asia,Afghanistan,October,4,0,4,7,-42.9"
"ASIA & PACIFIC,South Asia,Bangladesh,October,5521,0,5521,3732,47.9"
"ASIA & PACIFIC,South Asia,Bhutan,October,51,0,51,41,24.4"
"ASIA & PACIFIC,South Asia,India,October,48113,0,48113,36417,32.1"
"ASIA & PACIFIC,South Asia,Iran,October,632,0,632,591,6.9"
"ASIA & PACIFIC,South Asia,Maldives,October,2780,0,2780,2880,-3.5"
"ASIA & PACIFIC,South Asia,Nepal,October,455,0,455,552,-17.6"
"ASIA & PACIFIC,South Asia,Pakistan,October,1677,0,1677,1140,47.1"
"EUROPE,Northern Europe,Denmark,October,969,0,969,739,31.1"
"EUROPE,Northern Europe,Finland,October,450,0,450,215,109.3"
"EUROPE,Northern Europe,Norway,October,574,0,574,442,29.9"
"EUROPE,Northern Europe,Sweden,October,861,0,861,716,20.3"
"EUROPE,Northern Europe,United Kingdom,October,12934,0,12934,10206,26.7"
"EUROPE,Northern Europe,Others,October,777,0,777,726,7.0"
"EUROPE,Western Europe,Austria,October,878,0,878,917,-4.3"
"EUROPE,Western Europe,Belgium,October,877,0,877,847,3.5"
"EUROPE,Western Europe,France,October,5157,0,5157,4688,10.0"
"EUROPE,Western Europe,Germany,October,9753,0,9753,9217,5.8"
"EUROPE,Western Europe,Netherlands,October,3441,0,3441,2859,20.4"
"EUROPE,Western Europe,Switzerland,October,2079,0,2079,1816,14.5"
"EUROPE,Western Europe,Others,October,23,0,23,39,-41.0"
"EUROPE,Central/Eastern Europe,Belarus,October,719,0,719,504,42.7"
"EUROPE,Central/Eastern Europe,Czech Republic,October,875,0,875,729,20.0"
"EUROPE,Central/Eastern Europe,Estonia,October,176,0,176,131,34.4"
"EUROPE,Central/Eastern Europe,Hungary,October,434,0,434,431,0.7"
"EUROPE,Central/Eastern Europe,Kazakhstan,October,246,0,246,213,15.5"
"EUROPE,Central/Eastern Europe,Lithuania,October,271,0,271,285,-4.9"
"EUROPE,Central/Eastern Europe,Poland,October,2182,0,2182,2132,2.3"
"EUROPE,Central/Eastern Europe,Romania,October,352,0,352,354,-0.6"
"EUROPE,Central/Eastern Europe,Russia,October,11496,0,11496,10367,10.9"
"EUROPE,Central/Eastern Europe,Slovakia,October,385,0,385,439,-12.3"
"EUROPE,Central/Eastern Europe,Ukraine,October,529,0,529,350,51.1"
"EUROPE,Central/Eastern Europe,Others,October,1090,0,1090,1038,5.0"
"EUROPE,Southern/Mediterranean Europe,Greece,October,269,0,269,142,89.4"
"EUROPE,Southern/Mediterranean Europe,Italy,October,1913,0,1913,1431,33.7"
"EUROPE,Southern/Mediterranean Europe,Portugal,October,492,0,492,633,-22.3"
"EUROPE,Southern/Mediterranean Europe,Spain,October,3692,0,3692,3458,6.8"
"EUROPE,Southern/Mediterranean Europe,Turkey,October,583,0,583,409,42.5"
"EUROPE,Southern/Mediterranean Europe,Israel,October,1929,0,1929,1398,38.0"
"EUROPE,Southern/Mediterranean Europe,Others,October,715,0,715,706,1.3"
"MIDDLE EAST,,Bahrain,October,61,0,61,64,-4.7"
"MIDDLE EAST,,Egypt,October,305,0,305,326,-6.4"
"MIDDLE EAST,,Iraq,October,114,0,114,119,-4.2"
"MIDDLE EAST,,Jordan,October,262,0,262,275,-4.7"
"MIDDLE EAST,,Kuwait,October,219,0,219,198,10.6"
"MIDDLE EAST,,Lebanon,October,248,0,248,283,-12.4"
"MIDDLE EAST,,Oman,October,518,0,518,685,-24.4"
"MIDDLE EAST,,Qatar,October,159,0,159,156,1.9"
"MIDDLE EAST,,Saudi Arabia,October,1068,0,1068,1276,-16.3"
"MIDDLE EAST,,United Arab Emirates,October,862,0,862,836,3.1"
"MIDDLE EAST,,Others,October,78,0,78,58,34.5"
"AMERICAS,North America,Canada,November,2959,368,3327,3085,7.8"
"AMERICAS,North America,Mexico,November,115,38,153,87,75.9"
"AMERICAS,North America,United States,November,4616,668,5284,4472,18.2"
"AMERICAS,Caribbean & Central America,Costa Rica,November,7,0,7,9,-22.2"
"AMERICAS,Caribbean & Central America,Jamaica,November,3,0,3,5,-40.0"
"AMERICAS,Caribbean & Central America,Others,November,92,15,107,84,27.4"
"AMERICAS,South America,Argentina,November,108,2,110,66,66.7"
"AMERICAS,South America,Brazil,November,188,69,257,186,38.2"
"AMERICAS,South America,Chile,November,70,0,70,34,105.9"
"AMERICAS,South America,Colombia,November,73,0,73,52,40.4"
"AMERICAS,South America,Others,November,64,0,64,64,0.0"
"AFRICA,North Africa,Morocco,November,91,0,91,74,23.0"
"AFRICA,North Africa,Sudan,November,172,0,172,111,55.0"
"AFRICA,North Africa,Others,November,120,0,120,70,71.4"
"AFRICA,Sub-Saharan Africa,Kenya,November,61,0,61,62,-1.6"
"AFRICA,Sub-Saharan Africa,Mauritius,November,179,1,180,120,50.0"
"AFRICA,Sub-Saharan Africa,Nigeria,November,10,0,10,19,-47.4"
"AFRICA,Sub-Saharan Africa,South Africa,November,392,4,396,320,23.8"
"AFRICA,Sub-Saharan Africa,Others,November,375,0,375,344,9.0"
"ASIA & PACIFIC,North East Asia,China,November,9203,14,9217,8371,10.1"
"ASIA & PACIFIC,North East Asia,Japan,November,2697,7,2704,2178,24.2"
"ASIA & PACIFIC,North East Asia,South Korea,November,1042,0,1042,1188,-12.3"
"ASIA & PACIFIC,North East Asia,Others,November,29,0,29,15,93.3"
"ASIA & PACIFIC,South East Asia,Cambodia,November,59,0,59,53,11.3"
"ASIA & PACIFIC,South East Asia,Indonesia,November,612,4,616,532,15.8"
"ASIA & PACIFIC,South East Asia,Malaysia,November,2152,3,2155,1467,46.9"
"ASIA & PACIFIC,South East Asia,Myanmar,November,380,0,380,65,0.0"
"ASIA & PACIFIC,South East Asia,Philippines,November,573,7,580,398,45.7"
"ASIA & PACIFIC,South East Asia,Singapore,November,1268,9,1277,1197,6.7"
"ASIA & PACIFIC,South East Asia,Thailand,November,830,1,831,622,33.6"
"ASIA & PACIFIC,South East Asia,Vietnam,November,292,0,292,346,-15.6"
"ASIA & PACIFIC,South East Asia,Others,November,18,0,18,16,12.5"
"ASIA & PACIFIC,Oceania,Australia,November,8871,513,9384,7937,18.2"
"ASIA & PACIFIC,Oceania,New Zealand,November,1074,52,1126,915,23.1"
"ASIA & PACIFIC,Oceania,Others,November,34,0,34,41,-17.1"
"ASIA & PACIFIC,South Asia,Afghanistan,November,3,0,3,5,-40.0"
"ASIA & PACIFIC,South Asia,Bangladesh,November,4151,0,4151,3375,23.0"
"ASIA & PACIFIC,South Asia,Bhutan,November,58,0,58,80,-27.5"
"ASIA & PACIFIC,South Asia,India,November,51349,42,51391,41120,25.0"
"ASIA & PACIFIC,South Asia,Iran,November,1051,0,1051,804,30.7"
"ASIA & PACIFIC,South Asia,Maldives,November,2357,0,2357,2982,-21.0"
"ASIA & PACIFIC,South Asia,Nepal,November,455,0,455,386,17.9"
"ASIA & PACIFIC,South Asia,Pakistan,November,1721,0,1721,1148,49.9"
"EUROPE,Northern Europe,Denmark,November,1141,5,1146,1036,10.6"
"EUROPE,Northern Europe,Finland,November,700,4,704,534,31.8"
"EUROPE,Northern Europe,Norway,November,964,4,968,783,23.6"
"EUROPE,Northern Europe,Sweden,November,1275,8,1283,1132,13.3"
"EUROPE,Northern Europe,United Kingdom,November,15064,1851,16915,12912,31.0"
"EUROPE,Northern Europe,Others,November,961,67,1028,761,35.1"
"EUROPE,Western Europe,Austria,November,1763,3,1766,1705,3.6"
"EUROPE,Western Europe,Belgium,November,1557,15,1572,1390,13.1"
"EUROPE,Western Europe,France,November,8447,12,8459,6665,26.9"
"EUROPE,Western Europe,Germany,November,14442,76,14518,12593,15.3"
"EUROPE,Western Europe,Netherlands,November,3925,13,3938,3387,16.3"
"EUROPE,Western Europe,Switzerland,November,3224,8,3232,2490,29.8"
"EUROPE,Western Europe,Others,November,99,0,99,77,28.6"
"EUROPE,Central/Eastern Europe,Belarus,November,1820,0,1820,1429,27.4"
"EUROPE,Central/Eastern Europe,Czech Republic,November,2009,5,2014,1357,48.4"
"EUROPE,Central/Eastern Europe,Estonia,November,432,0,432,234,84.6"
"EUROPE,Central/Eastern Europe,Hungary,November,529,0,529,648,-18.4"
"EUROPE,Central/Eastern Europe,Kazakhstan,November,297,1,298,289,3.1"
"EUROPE,Central/Eastern Europe,Lithuania,November,505,2,507,488,3.9"
"EUROPE,Central/Eastern Europe,Poland,November,5326,5,5331,5164,3.2"
"EUROPE,Central/Eastern Europe,Romania,November,429,22,451,531,-15.1"
"EUROPE,Central/Eastern Europe,Russia,November,24921,32,24953,29053,-14.1"
"EUROPE,Central/Eastern Europe,Slovakia,November,811,19,830,736,12.8"
"EUROPE,Central/Eastern Europe,Ukraine,November,886,9,895,554,61.6"
"EUROPE,Central/Eastern Europe,Others,November,1787,3,1790,1916,-6.6"
"EUROPE,Southern/Mediterranean Europe,Greece,November,508,1,509,260,95.8"
"EUROPE,Southern/Mediterranean Europe,Italy,November,2990,15,3005,2237,34.3"
"EUROPE,Southern/Mediterranean Europe,Portugal,November,976,45,1021,856,19.3"
"EUROPE,Southern/Mediterranean Europe,Spain,November,4621,45,4666,3655,27.7"
"EUROPE,Southern/Mediterranean Europe,Turkey,November,735,31,766,620,23.5"
"EUROPE,Southern/Mediterranean Europe,Israel,November,1594,0,1594,878,81.5"
"EUROPE,Southern/Mediterranean Europe,Others,November,1021,40,1061,771,37.6"
"MIDDLE EAST,,Bahrain,November,61,0,61,64,-4.7"
"MIDDLE EAST,,Egypt,November,305,0,305,326,-6.4"
"MIDDLE EAST,,Iraq,November,114,0,114,119,-4.2"
"MIDDLE EAST,,Jordan,November,262,0,262,275,-4.7"
"MIDDLE EAST,,Kuwait,November,219,0,219,198,10.6"
"MIDDLE EAST,,Lebanon,November,248,0,248,283,-12.4"
"MIDDLE EAST,,Oman,November,518,0,518,685,-24.4"
"MIDDLE EAST,,Qatar,November,159,0,159,156,1.9"
"MIDDLE EAST,,Saudi Arabia,November,1068,0,1068,1276,-16.3"
"MIDDLE EAST,,United Arab Emirates,November,862,0,862,836,3.1"
"MIDDLE EAST,,Others,November,78,0,78,58,34.5"
"AMERICAS,North America,Canada,December,3799,139,3938,3781,4.2"
"AMERICAS,North America,Mexico,December,132,20,152,137,10.9"
"AMERICAS,North America,United States,December,8028,496,8524,8212,3.8"
"AMERICAS,Caribbean & Central America,Costa Rica,December,10,0,10,4,150.0"
"AMERICAS,Caribbean & Central America,Jamaica,December,0,0,0,11,-18.2"
"AMERICAS,Caribbean & Central America,Others,December,92,0,92,103,-10.7"
"AMERICAS,South America,Argentina,December,102,0,102,99,3.0"
"AMERICAS,South America,Brazil,December,242,17,259,208,24.5"
"AMERICAS,South America,Chile,December,75,1,76,47,61.7"
"AMERICAS,South America,Colombia,December,74,4,78,59,32.2"
"AMERICAS,South America,Others,December,81,3,84,57,47.4"
"AFRICA,North Africa,Morocco,December,117,0,117,121,-3.3"
"AFRICA,North Africa,Sudan,December,141,0,141,96,46.9"
"AFRICA,North Africa,Others,December,279,0,279,145,92.4"
"AFRICA,Sub-Saharan Africa,Kenya,December,149,0,149,137,8.8"
"AFRICA,Sub-Saharan Africa,Mauritius,December,141,2,143,251,-43.0"
"AFRICA,Sub-Saharan Africa,Nigeria,December,0,0,0,13,-61.5"
"AFRICA,Sub-Saharan Africa,South Africa,December,1193,17,1210,1089,11.1"
"AFRICA,Sub-Saharan Africa,Others,December,787,0,787,659,19.4"
"ASIA & PACIFIC,North East Asia,China,December,10339,25,10364,9924,4.4"
"ASIA & PACIFIC,North East Asia,Japan,December,4393,4,4397,3599,22.2"
"ASIA & PACIFIC,North East Asia,South Korea,December,1342,2,1344,1266,6.2"
"ASIA & PACIFIC,North East Asia,Others,December,36,0,36,19,89.5"
"ASIA & PACIFIC,South East Asia,Cambodia,December,60,0,60,59,1.7"
"ASIA & PACIFIC,South East Asia,Indonesia,December,456,1,457,379,20.6"
"ASIA & PACIFIC,South East Asia,Malaysia,December,2246,2,2248,1726,30.2"
"ASIA & PACIFIC,South East Asia,Myanmar,December,153,0,153,82,86.6"
"ASIA & PACIFIC,South East Asia,Philippines,December,511,1,512,485,5.6"
"ASIA & PACIFIC,South East Asia,Singapore,December,1974,7,1981,2011,-1.5"
"ASIA & PACIFIC,South East Asia,Thailand,December,778,5,783,648,20.8"
"ASIA & PACIFIC,South East Asia,Vietnam,December,267,0,267,158,69.0"
"ASIA & PACIFIC,South East Asia,Others,December,25,0,25,25,0.0"
"ASIA & PACIFIC,Oceania,Australia,December,14478,342,14820,13109,13.1"
"ASIA & PACIFIC,Oceania,New Zealand,December,1831,19,1850,1562,18.4"
"ASIA & PACIFIC,Oceania,Others,December,54,0,54,45,20.0"
"ASIA & PACIFIC,South Asia,Afghanistan,December,0,0,0,61,-88.5"
"ASIA & PACIFIC,South Asia,Bangladesh,December,4453,0,4453,4154,7.2"
"ASIA & PACIFIC,South Asia,Bhutan,December,16,0,16,90,-82.2"
"ASIA & PACIFIC,South Asia,India,December,56712,3,56715,52881,7.3"
"ASIA & PACIFIC,South Asia,Iran,December,643,0,643,794,-19.0"
"ASIA & PACIFIC,South Asia,Maldives,December,3887,0,3887,6903,-43.7"
"ASIA & PACIFIC,South Asia,Nepal,December,534,0,534,449,18.9"
"ASIA & PACIFIC,South Asia,Pakistan,December,1595,0,1595,1389,14.8"
"EUROPE,Northern Europe,Denmark,December,1944,4,1948,1713,13.7"
"EUROPE,Northern Europe,Finland,December,1038,0,1038,774,34.1"
"EUROPE,Northern Europe,Norway,December,1733,15,1748,1478,18.3"
"EUROPE,Northern Europe,Sweden,December,4179,14,4193,3676,14.1"
"EUROPE,Northern Europe,United Kingdom,December,20114,421,20535,18757,9.5"
"EUROPE,Northern Europe,Others,December,1314,13,1327,1134,17.0"
"EUROPE,Western Europe,Austria,December,2523,97,2620,2401,9.1"
"EUROPE,Western Europe,Belgium,December,1537,16,1553,1337,16.2"
"EUROPE,Western Europe,France,December,7259,11,7270,6332,14.8"
"EUROPE,Western Europe,Germany,December,14588,2119,16707,14703,13.6"
"EUROPE,Western Europe,Netherlands,December,4529,46,4575,3893,17.5"
"EUROPE,Western Europe,Switzerland,December,3355,126,3481,3246,7.2"
"EUROPE,Western Europe,Others,December,122,5,127,102,24.5"
"EUROPE,Central/Eastern Europe,Belarus,December,2029,5,2034,1408,44.5"
"EUROPE,Central/Eastern Europe,Czech Republic,December,2715,0,2715,2299,18.1"
"EUROPE,Central/Eastern Europe,Estonia,December,864,0,864,576,50.0"
"EUROPE,Central/Eastern Europe,Hungary,December,953,0,953,978,-2.6"
"EUROPE,Central/Eastern Europe,Kazakhstan,December,771,0,771,1932,-60.1"
"EUROPE,Central/Eastern Europe,Lithuania,December,661,0,661,867,-23.8"
"EUROPE,Central/Eastern Europe,Poland,December,6858,12,6870,6233,10.2"
"EUROPE,Central/Eastern Europe,Romania,December,1366,1,1367,1243,10.0"
"EUROPE,Central/Eastern Europe,Russia,December,27956,31,27987,35268,-20.6"
"EUROPE,Central/Eastern Europe,Slovakia,December,975,1,976,713,36.9"
"EUROPE,Central/Eastern Europe,Ukraine,December,1242,1,1243,1156,7.5"
"EUROPE,Central/Eastern Europe,Others,December,2246,0,2246,2456,-8.6"
"EUROPE,Southern/Mediterranean Europe,Greece,December,855,2,857,533,60.8"
"EUROPE,Southern/Mediterranean Europe,Italy,December,6467,15,6482,5695,13.8"
"EUROPE,Southern/Mediterranean Europe,Portugal,December,702,2,704,636,10.7"
"EUROPE,Southern/Mediterranean Europe,Spain,December,3229,15,3244,2801,15.8"
"EUROPE,Southern/Mediterranean Europe,Turkey,December,677,1,678,803,-15.6"
"EUROPE,Southern/Mediterranean Europe,Israel,December,3515,0,3515,2054,71.1"
"EUROPE,Southern/Mediterranean Europe,Others,December,156,0,156,119,31.1"
"MIDDLE EAST,,Bahrain,December,61,0,61,64,-4.7"
"MIDDLE EAST,,Egypt,December,305,0,305,326,-6.4"
"MIDDLE EAST,,Iraq,December,114,0,114,119,-4.2"
"MIDDLE EAST,,Jordan,December,262,0,262,275,-4.7"
"MIDDLE EAST,,Kuwait,December,219,0,219,198,10.6"
"MIDDLE EAST,,Lebanon,December,248,0,248,283,-12.4"
"MIDDLE EAST,,Oman,December,518,0,518,685,-24.4"
"MIDDLE EAST,,Qatar,December,159,0,159,156,1.9"
"MIDDLE EAST,,Saudi Arabia,December,1068,0,1068,1276,-16.3"
"MIDDLE EAST,,United Arab Emirates,December,862,0,862,836,3.1"
"MIDDLE EAST,,Others,December,78,0,78,58,34.5"
